timestamp,buyer,seller,symbol,currency,price,quantity
100,,SUBMISSION,KELP,SEASHELLS,2034,1
100,,SUBMISSION,RAINFOREST_RESIN,SEASHELLS,10002,1
200,,SUBMISSION,KELP,SEASHELLS,2034,1
200,,SUBMISSION,RAINFOREST_RESIN,SEASHELLS,10003,1
200,,SUBMISSION,SQUID_INK,SEASHELLS,1834,1
300,,SUBMISSION,KELP,SEASHELLS,2034,1
300,,SUBMISSION,SQUID_INK,SEASHELLS,1836,1
500,SUBMISSION,,KELP,SEASHELLS,2034,3
500,SUBMISSION,,SQUID_INK,SEASHELLS,1836,2
500,,,KELP,SEASHELLS,2034,1
500,,,SQUID_INK,SEASHELLS,1836,1
600,SUBMISSION,,KELP,SEASHELLS,2033,9
600,,SUBMISSION,SQUID_INK,SEASHELLS,1834,5
600,SUBMISSION,,SQUID_INK,SEASHELLS,1833,14
600,,,KELP,SEASHELLS,2033,5
700,,,KELP,SEASHELLS,2032,1
700,,,SQUID_INK,SEASHELLS,1834,1
800,SUBMISSION,,KELP,SEASHELLS,2033,3
800,SUBMISSION,,KELP,SEASHELLS,2033,1
800,SUBMISSION,,RAINFOREST_RESIN,SEASHELLS,10000,2
800,SUBMISSION,,RAINFOREST_RESIN,SEASHELLS,9997,1
800,SUBMISSION,,SQUID_INK,SEASHELLS,1837,3
800,SUBMISSION,,SQUID_INK,SEASHELLS,1837,1
900,,SUBMISSION,KELP,SEASHELLS,2034,15
900,SUBMISSION,,RAINFOREST_RESIN,SEASHELLS,9998,11
1200,SUBMISSION,,KELP,SEASHELLS,2032,1
1200,,,SQUID_INK,SEASHELLS,1839,1
1300,,SUBMISSION,RAINFOREST_RESIN,SEASHELLS,10002,1
1400,SUBMISSION,,KELP,SEASHELLS,2033,1
1400,SUBMISSION,,SQUID_INK,SEASHELLS,1842,6
1500,,SUBMISSION,KELP,SEASHELLS,2034,1
1500,SUBMISSION,,RAINFOREST_RESIN,SEASHELLS,9998,4
1500,,SUBMISSION,SQUID_INK,SEASHELLS,1844,1
1700,SUBMISSION,,KELP,SEASHELLS,2034,1
1800,,SUBMISSION,RAINFOREST_RESIN,SEASHELLS,10000,4
1800,,SUBMISSION,SQUID_INK,SEASHELLS,1843,4
1900,SUBMISSION,,SQUID_INK,SEASHELLS,1845,1
1900,,,KELP,SEASHELLS,2032,1
2200,SUBMISSION,,RAINFOREST_RESIN,SEASHELLS,9998,4
2600,,SUBMISSION,RAINFOREST_RESIN,SEASHELLS,10002,1
2600,,,RAINFOREST_RESIN,SEASHELLS,10002,4
3000,,SUBMISSION,KELP,SEASHELLS,2034,1
3000,,SUBMISSION,SQUID_INK,SEASHELLS,1850,1
3100,,,RAINFOREST_RESIN,SEASHELLS,9998,1
3200,SUBMISSION,,KELP,SEASHELLS,2033,1
3200,SUBMISSION,,KELP,SEASHELLS,2033,4
3200,,SUBMISSION,RAINFOREST_RESIN,SEASHELLS,10002,2
3200,SUBMISSION,,SQUID_INK,SEASHELLS,1849,5
3200,,,RAINFOREST_RESIN,SEASHELLS,10002,5
3300,,SUBMISSION,RAINFOREST_RESIN,SEASHELLS,10002,1
3700,,,RAINFOREST_RESIN,SEASHELLS,9998,1
3800,SUBMISSION,,SQUID_INK,SEASHELLS,1854,7
4000,,SUBMISSION,RAINFOREST_RESIN,SEASHELLS,10002,1
4000,,,KELP,SEASHELLS,2032,1
4000,,,SQUID_INK,SEASHELLS,1854,1
4100,,SUBMISSION,RAINFOREST_RESIN,SEASHELLS,10000,5
4100,,SUBMISSION,SQUID_INK,SEASHELLS,1855,5
4200,,SUBMISSION,RAINFOREST_RESIN,SEASHELLS,10002,5
4300,,,KELP,SEASHELLS,2032,2
4300,,,SQUID_INK,SEASHELLS,1854,2
4500,SUBMISSION,,SQUID_INK,SEASHELLS,1854,8
4600,SUBMISSION,,SQUID_INK,SEASHELLS,1858,3
4800,,SUBMISSION,KELP,SEASHELLS,2034,1
4800,,SUBMISSION,SQUID_INK,SEASHELLS,1861,1
5200,SUBMISSION,,KELP,SEASHELLS,2033,4
5200,,,KELP,SEASHELLS,2033,5
5200,,,SQUID_INK,SEASHELLS,1859,5
5200,,,SQUID_INK,SEASHELLS,1859,4
5300,SUBMISSION,,RAINFOREST_RESIN,SEASHELLS,9998,12
5400,,SUBMISSION,KELP,SEASHELLS,2034,1
5400,,SUBMISSION,RAINFOREST_RESIN,SEASHELLS,10004,1
5400,,SUBMISSION,SQUID_INK,SEASHELLS,1859,1
5500,,SUBMISSION,RAINFOREST_RESIN,SEASHELLS,10003,2
5500,SUBMISSION,,SQUID_INK,SEASHELLS,1859,8
5500,,,KELP,SEASHELLS,2032,8
6200,,SUBMISSION,KELP,SEASHELLS,2034,1
6200,,SUBMISSION,SQUID_INK,SEASHELLS,1861,1
6300,,SUBMISSION,KELP,SEASHELLS,2034,11
6300,,SUBMISSION,SQUID_INK,SEASHELLS,1861,11
6600,,,KELP,SEASHELLS,2032,7
6600,,,SQUID_INK,SEASHELLS,1860,7
6700,SUBMISSION,,KELP,SEASHELLS,2034,6
6700,,SUBMISSION,RAINFOREST_RESIN,SEASHELLS,10003,1
6700,,,KELP,SEASHELLS,2034,1
6700,,,SQUID_INK,SEASHELLS,1861,1
6800,,SUBMISSION,RAINFOREST_RESIN,SEASHELLS,10000,5
6800,,,KELP,SEASHELLS,2032,1
6800,,,SQUID_INK,SEASHELLS,1859,1
7100,SUBMISSION,,RAINFOREST_RESIN,SEASHELLS,9998,5
7200,SUBMISSION,,RAINFOREST_RESIN,SEASHELLS,9997,7
7200,,,RAINFOREST_RESIN,SEASHELLS,10002,1
7400,,SUBMISSION,KELP,SEASHELLS,2034,13
7400,,SUBMISSION,RAINFOREST_RESIN,SEASHELLS,10002,1
7400,,SUBMISSION,SQUID_INK,SEASHELLS,1861,13
7500,SUBMISSION,,KELP,SEASHELLS,2034,3
7600,,SUBMISSION,RAINFOREST_RESIN,SEASHELLS,10002,1
8000,,SUBMISSION,KELP,SEASHELLS,2034,1
8000,,SUBMISSION,RAINFOREST_RESIN,SEASHELLS,10000,3
8000,,SUBMISSION,SQUID_INK,SEASHELLS,1858,1
8200,SUBMISSION,,KELP,SEASHELLS,2033,1
8200,SUBMISSION,,RAINFOREST_RESIN,SEASHELLS,9997,1
8200,SUBMISSION,,SQUID_INK,SEASHELLS,1858,1
8700,,SUBMISSION,KELP,SEASHELLS,2034,1
8700,,SUBMISSION,SQUID_INK,SEASHELLS,1858,1
9100,SUBMISSION,,RAINFOREST_RESIN,SEASHELLS,9998,1
9100,,SUBMISSION,RAINFOREST_RESIN,SEASHELLS,10004,11
9300,,SUBMISSION,RAINFOREST_RESIN,SEASHELLS,10002,11
9400,,SUBMISSION,RAINFOREST_RESIN,SEASHELLS,10002,1
9500,,SUBMISSION,RAINFOREST_RESIN,SEASHELLS,10002,1
9700,SUBMISSION,,KELP,SEASHELLS,2034,5
9700,SUBMISSION,,KELP,SEASHELLS,2034,5
9700,SUBMISSION,,RAINFOREST_RESIN,SEASHELLS,10000,4
9700,SUBMISSION,,SQUID_INK,SEASHELLS,1856,5
9700,,,RAINFOREST_RESIN,SEASHELLS,10002,1
10100,,SUBMISSION,RAINFOREST_RESIN,SEASHELLS,10002,4
10300,,SUBMISSION,KELP,SEASHELLS,2035,1
10300,,SUBMISSION,RAINFOREST_RESIN,SEASHELLS,10003,1
10300,,SUBMISSION,SQUID_INK,SEASHELLS,1860,1
10600,,SUBMISSION,KELP,SEASHELLS,2035,3
10600,,SUBMISSION,SQUID_INK,SEASHELLS,1858,3
10600,,,KELP,SEASHELLS,2033,4
10600,,,SQUID_INK,SEASHELLS,1857,4
10700,SUBMISSION,,RAINFOREST_RESIN,SEASHELLS,9998,3
10800,SUBMISSION,,KELP,SEASHELLS,2034,12
10800,SUBMISSION,,SQUID_INK,SEASHELLS,1857,6
10800,,,SQUID_INK,SEASHELLS,1857,6
10900,SUBMISSION,,KELP,SEASHELLS,2034,6
10900,SUBMISSION,,RAINFOREST_RESIN,SEASHELLS,10000,6
11700,,SUBMISSION,KELP,SEASHELLS,2034,4
11700,,SUBMISSION,SQUID_INK,SEASHELLS,1858,4
11800,,,KELP,SEASHELLS,2033,4
11800,,,SQUID_INK,SEASHELLS,1858,4
11900,,SUBMISSION,KELP,SEASHELLS,2034,4
11900,,SUBMISSION,RAINFOREST_RESIN,SEASHELLS,10002,1
12100,SUBMISSION,,RAINFOREST_RESIN,SEASHELLS,9998,8
12400,,SUBMISSION,RAINFOREST_RESIN,SEASHELLS,10002,1
12500,,SUBMISSION,RAINFOREST_RESIN,SEASHELLS,10000,2
12500,,SUBMISSION,SQUID_INK,SEASHELLS,1858,3
12700,,SUBMISSION,RAINFOREST_RESIN,SEASHELLS,10002,1
12700,,,RAINFOREST_RESIN,SEASHELLS,10002,1
12800,,SUBMISSION,SQUID_INK,SEASHELLS,1854,4
13100,SUBMISSION,,KELP,SEASHELLS,2033,2
13100,SUBMISSION,,RAINFOREST_RESIN,SEASHELLS,10000,1
13100,SUBMISSION,,SQUID_INK,SEASHELLS,1852,2
13200,,SUBMISSION,KELP,SEASHELLS,2034,1
13200,,SUBMISSION,SQUID_INK,SEASHELLS,1852,1
13300,,SUBMISSION,RAINFOREST_RESIN,SEASHELLS,10002,2
13700,,SUBMISSION,RAINFOREST_RESIN,SEASHELLS,10002,1
13900,SUBMISSION,,KELP,SEASHELLS,2033,3
13900,,SUBMISSION,SQUID_INK,SEASHELLS,1849,17
13900,,SUBMISSION,SQUID_INK,SEASHELLS,1849,1
13900,,,SQUID_INK,SEASHELLS,1849,3
14000,SUBMISSION,,KELP,SEASHELLS,2033,1
14000,,SUBMISSION,RAINFOREST_RESIN,SEASHELLS,10002,6
14000,,,RAINFOREST_RESIN,SEASHELLS,9998,1
14000,,,SQUID_INK,SEASHELLS,1852,1
14100,SUBMISSION,,KELP,SEASHELLS,2033,15
14100,SUBMISSION,,SQUID_INK,SEASHELLS,1852,15
14400,SUBMISSION,,KELP,SEASHELLS,2033,2
14400,,SUBMISSION,RAINFOREST_RESIN,SEASHELLS,10002,4
14400,SUBMISSION,,RAINFOREST_RESIN,SEASHELLS,9997,2
14400,SUBMISSION,,SQUID_INK,SEASHELLS,1854,2
14400,,,KELP,SEASHELLS,2032,1
14400,,,SQUID_INK,SEASHELLS,1853,1
14600,SUBMISSION,,KELP,SEASHELLS,2033,3
14600,SUBMISSION,,SQUID_INK,SEASHELLS,1849,3
14600,,,KELP,SEASHELLS,2033,1
14600,,,SQUID_INK,SEASHELLS,1849,1
14800,SUBMISSION,,RAINFOREST_RESIN,SEASHELLS,9998,1
14900,,SUBMISSION,KELP,SEASHELLS,2034,4
14900,,SUBMISSION,SQUID_INK,SEASHELLS,1853,4
15000,,,KELP,SEASHELLS,2032,1
15000,,,SQUID_INK,SEASHELLS,1849,1
15100,SUBMISSION,,RAINFOREST_RESIN,SEASHELLS,9998,1
15500,SUBMISSION,,RAINFOREST_RESIN,SEASHELLS,9998,11
15800,,SUBMISSION,KELP,SEASHELLS,2035,2
15800,,SUBMISSION,RAINFOREST_RESIN,SEASHELLS,10003,2
15800,,SUBMISSION,SQUID_INK,SEASHELLS,1853,2
15900,SUBMISSION,,KELP,SEASHELLS,2033,3
15900,SUBMISSION,,SQUID_INK,SEASHELLS,1854,3
16100,SUBMISSION,,KELP,SEASHELLS,2033,1
16100,SUBMISSION,,SQUID_INK,SEASHELLS,1857,2
16100,,,KELP,SEASHELLS,2033,1
16200,,,KELP,SEASHELLS,2032,1
16200,,,RAINFOREST_RESIN,SEASHELLS,10002,3
16200,,,SQUID_INK,SEASHELLS,1853,1
16300,SUBMISSION,,RAINFOREST_RESIN,SEASHELLS,9997,2
16500,SUBMISSION,,SQUID_INK,SEASHELLS,1849,1
16600,,SUBMISSION,SQUID_INK,SEASHELLS,1848,7
16700,,SUBMISSION,RAINFOREST_RESIN,SEASHELLS,10002,1
16800,,SUBMISSION,KELP,SEASHELLS,2034,2
16800,,SUBMISSION,RAINFOREST_RESIN,SEASHELLS,10000,1
16800,,SUBMISSION,SQUID_INK,SEASHELLS,1838,2
17400,,SUBMISSION,KELP,SEASHELLS,2034,3
17400,,SUBMISSION,KELP,SEASHELLS,2035,2
17400,SUBMISSION,,RAINFOREST_RESIN,SEASHELLS,9998,11
17400,,SUBMISSION,RAINFOREST_RESIN,SEASHELLS,10004,2
17400,,SUBMISSION,SQUID_INK,SEASHELLS,1849,2
17400,,SUBMISSION,SQUID_INK,SEASHELLS,1850,2
17500,,SUBMISSION,KELP,SEASHELLS,2035,12
17500,,SUBMISSION,SQUID_INK,SEASHELLS,1850,12
17800,SUBMISSION,,RAINFOREST_RESIN,SEASHELLS,9998,3
17800,SUBMISSION,,SQUID_INK,SEASHELLS,1850,5
17900,,SUBMISSION,KELP,SEASHELLS,2035,1
17900,,SUBMISSION,KELP,SEASHELLS,2034,2
17900,SUBMISSION,,RAINFOREST_RESIN,SEASHELLS,9998,1
17900,,SUBMISSION,SQUID_INK,SEASHELLS,1849,1
17900,,,RAINFOREST_RESIN,SEASHELLS,9998,1
17900,,,RAINFOREST_RESIN,SEASHELLS,9998,2
18100,SUBMISSION,,KELP,SEASHELLS,2034,8
18100,SUBMISSION,,SQUID_INK,SEASHELLS,1843,8
18200,SUBMISSION,,KELP,SEASHELLS,2034,1
18200,SUBMISSION,,RAINFOREST_RESIN,SEASHELLS,9997,1
18200,SUBMISSION,,SQUID_INK,SEASHELLS,1841,1
18200,,,RAINFOREST_RESIN,SEASHELLS,10002,9
18400,,SUBMISSION,KELP,SEASHELLS,2035,1
18500,,,KELP,SEASHELLS,2033,1
18500,,,KELP,SEASHELLS,2033,1
18500,,,SQUID_INK,SEASHELLS,1840,1
18500,,,SQUID_INK,SEASHELLS,1840,1
18600,SUBMISSION,,SQUID_INK,SEASHELLS,1837,8
18600,,,KELP,SEASHELLS,2033,9
18600,,,SQUID_INK,SEASHELLS,1837,1
18700,,SUBMISSION,RAINFOREST_RESIN,SEASHELLS,10002,1
18900,,SUBMISSION,RAINFOREST_RESIN,SEASHELLS,10002,1
19300,SUBMISSION,,RAINFOREST_RESIN,SEASHELLS,9998,6
19300,,,RAINFOREST_RESIN,SEASHELLS,9998,2
19500,SUBMISSION,,KELP,SEASHELLS,2034,14
19500,SUBMISSION,,SQUID_INK,SEASHELLS,1829,14
19600,,SUBMISSION,KELP,SEASHELLS,2035,11
19600,,SUBMISSION,RAINFOREST_RESIN,SEASHELLS,10002,1
19600,,SUBMISSION,SQUID_INK,SEASHELLS,1830,11
19900,SUBMISSION,,RAINFOREST_RESIN,SEASHELLS,9998,1
19900,SUBMISSION,,RAINFOREST_RESIN,SEASHELLS,9997,7
20000,SUBMISSION,,RAINFOREST_RESIN,SEASHELLS,9998,1
20100,SUBMISSION,,RAINFOREST_RESIN,SEASHELLS,9998,4
20200,,SUBMISSION,RAINFOREST_RESIN,SEASHELLS,10002,1
20300,,SUBMISSION,RAINFOREST_RESIN,SEASHELLS,10002,4
20400,,SUBMISSION,RAINFOREST_RESIN,SEASHELLS,10002,2
20400,SUBMISSION,,SQUID_INK,SEASHELLS,1831,3
20400,,,KELP,SEASHELLS,2033,3
20500,,SUBMISSION,SQUID_INK,SEASHELLS,1833,17
20500,,SUBMISSION,SQUID_INK,SEASHELLS,1833,1
20500,,,KELP,SEASHELLS,2034,2
20500,,,KELP,SEASHELLS,2033,8
20500,,,SQUID_INK,SEASHELLS,1834,2
20500,,,SQUID_INK,SEASHELLS,1833,8
20600,,SUBMISSION,KELP,SEASHELLS,2035,2
20600,SUBMISSION,,RAINFOREST_RESIN,SEASHELLS,9998,4
20600,,SUBMISSION,SQUID_INK,SEASHELLS,1835,2
20600,,,RAINFOREST_RESIN,SEASHELLS,10002,2
20700,,SUBMISSION,KELP,SEASHELLS,2034,2
20700,SUBMISSION,,KELP,SEASHELLS,2034,11
20700,,SUBMISSION,SQUID_INK,SEASHELLS,1837,2
20700,SUBMISSION,,SQUID_INK,SEASHELLS,1836,11
20900,SUBMISSION,,SQUID_INK,SEASHELLS,1838,1
20900,,,KELP,SEASHELLS,2033,1
21100,SUBMISSION,,KELP,SEASHELLS,2034,2
21100,SUBMISSION,,SQUID_INK,SEASHELLS,1836,2
21200,,SUBMISSION,KELP,SEASHELLS,2035,1
21200,SUBMISSION,,RAINFOREST_RESIN,SEASHELLS,9998,1
21200,,SUBMISSION,SQUID_INK,SEASHELLS,1836,1
21500,SUBMISSION,,KELP,SEASHELLS,2033,5
21500,SUBMISSION,,SQUID_INK,SEASHELLS,1839,5
21500,,,KELP,SEASHELLS,2033,2
21500,,,SQUID_INK,SEASHELLS,1839,2
21700,,SUBMISSION,SQUID_INK,SEASHELLS,1844,4
22100,,,KELP,SEASHELLS,2035,1
22100,,,SQUID_INK,SEASHELLS,1851,1
22200,,SUBMISSION,RAINFOREST_RESIN,SEASHELLS,10002,1
22400,,,RAINFOREST_RESIN,SEASHELLS,10002,1
22500,,SUBMISSION,KELP,SEASHELLS,2035,1
22500,,SUBMISSION,SQUID_INK,SEASHELLS,1849,1
22600,,SUBMISSION,KELP,SEASHELLS,2035,1
22600,,SUBMISSION,KELP,SEASHELLS,2034,4
22600,,SUBMISSION,SQUID_INK,SEASHELLS,1851,1
22600,,SUBMISSION,SQUID_INK,SEASHELLS,1850,3
22800,SUBMISSION,,KELP,SEASHELLS,2034,2
22800,,SUBMISSION,RAINFOREST_RESIN,SEASHELLS,10002,1
22800,SUBMISSION,,RAINFOREST_RESIN,SEASHELLS,9997,2
22800,SUBMISSION,,SQUID_INK,SEASHELLS,1848,2
22900,,SUBMISSION,RAINFOREST_RESIN,SEASHELLS,10002,1
22900,,SUBMISSION,RAINFOREST_RESIN,SEASHELLS,10002,1
22900,SUBMISSION,,SQUID_INK,SEASHELLS,1846,1
22900,,,KELP,SEASHELLS,2033,1
23000,,SUBMISSION,KELP,SEASHELLS,2035,1
23000,,SUBMISSION,SQUID_INK,SEASHELLS,1847,1
23000,,,RAINFOREST_RESIN,SEASHELLS,10002,1
23200,,,KELP,SEASHELLS,2033,1
23200,,,SQUID_INK,SEASHELLS,1842,1
23400,SUBMISSION,,KELP,SEASHELLS,2034,15
23400,SUBMISSION,,SQUID_INK,SEASHELLS,1841,15
23600,,,KELP,SEASHELLS,2033,1
23600,,,SQUID_INK,SEASHELLS,1843,1
23700,,SUBMISSION,KELP,SEASHELLS,2035,1
23700,,SUBMISSION,SQUID_INK,SEASHELLS,1846,1
24300,,SUBMISSION,RAINFOREST_RESIN,SEASHELLS,10002,1
24300,,,KELP,SEASHELLS,2033,1
24300,,,SQUID_INK,SEASHELLS,1846,1
24500,SUBMISSION,,KELP,SEASHELLS,2034,9
24500,SUBMISSION,,SQUID_INK,SEASHELLS,1845,9
25000,,SUBMISSION,RAINFOREST_RESIN,SEASHELLS,10002,1
25100,,,RAINFOREST_RESIN,SEASHELLS,9998,1
25200,SUBMISSION,,KELP,SEASHELLS,2034,2
25200,SUBMISSION,,SQUID_INK,SEASHELLS,1852,4
25400,,SUBMISSION,RAINFOREST_RESIN,SEASHELLS,10002,3
25800,,SUBMISSION,RAINFOREST_RESIN,SEASHELLS,10002,1
25900,,SUBMISSION,KELP,SEASHELLS,2035,2
25900,,SUBMISSION,RAINFOREST_RESIN,SEASHELLS,10003,2
25900,,SUBMISSION,SQUID_INK,SEASHELLS,1851,2
26000,,SUBMISSION,KELP,SEASHELLS,2035,1
26000,SUBMISSION,,KELP,SEASHELLS,2034,2
26000,,SUBMISSION,SQUID_INK,SEASHELLS,1851,1
26000,SUBMISSION,,SQUID_INK,SEASHELLS,1850,13
26100,,SUBMISSION,KELP,SEASHELLS,2035,1
26100,,SUBMISSION,RAINFOREST_RESIN,SEASHELLS,10002,1
26100,,SUBMISSION,SQUID_INK,SEASHELLS,1850,1
26200,,SUBMISSION,RAINFOREST_RESIN,SEASHELLS,10002,1
26300,,,KELP,SEASHELLS,2033,1
26300,,,RAINFOREST_RESIN,SEASHELLS,10002,4
26300,,,SQUID_INK,SEASHELLS,1848,1
26600,SUBMISSION,,RAINFOREST_RESIN,SEASHELLS,9998,4
26700,,SUBMISSION,KELP,SEASHELLS,2035,1
26700,,SUBMISSION,SQUID_INK,SEASHELLS,1846,1
26800,,SUBMISSION,RAINFOREST_RESIN,SEASHELLS,10002,1
27000,SUBMISSION,,SQUID_INK,SEASHELLS,1850,6
27100,,SUBMISSION,KELP,SEASHELLS,2035,1
27100,SUBMISSION,,RAINFOREST_RESIN,SEASHELLS,9998,1
27100,,SUBMISSION,SQUID_INK,SEASHELLS,1851,1
27200,,SUBMISSION,KELP,SEASHELLS,2035,1
27200,,SUBMISSION,SQUID_INK,SEASHELLS,1853,1
27300,,,KELP,SEASHELLS,2033,1
27300,,,SQUID_INK,SEASHELLS,1850,1
27400,,SUBMISSION,KELP,SEASHELLS,2034,6
27400,SUBMISSION,,RAINFOREST_RESIN,SEASHELLS,9998,3
27400,,,RAINFOREST_RESIN,SEASHELLS,9998,6
27600,,SUBMISSION,KELP,SEASHELLS,2035,1
27600,,SUBMISSION,SQUID_INK,SEASHELLS,1851,1
27800,,,RAINFOREST_RESIN,SEASHELLS,9998,3
28100,,SUBMISSION,RAINFOREST_RESIN,SEASHELLS,10003,3
28500,,,KELP,SEASHELLS,2033,1
28500,,,SQUID_INK,SEASHELLS,1847,1
28600,SUBMISSION,,KELP,SEASHELLS,2034,5
28600,SUBMISSION,,SQUID_INK,SEASHELLS,1849,5
28600,,,KELP,SEASHELLS,2033,1
28600,,,SQUID_INK,SEASHELLS,1848,1
28700,,,KELP,SEASHELLS,2033,1
28700,,,SQUID_INK,SEASHELLS,1848,1
29000,,SUBMISSION,RAINFOREST_RESIN,SEASHELLS,10002,1
29300,,,KELP,SEASHELLS,2035,1
29300,,,SQUID_INK,SEASHELLS,1851,1
29400,,,RAINFOREST_RESIN,SEASHELLS,10002,1
29500,,,KELP,SEASHELLS,2033,1
29500,,,SQUID_INK,SEASHELLS,1850,1
29600,SUBMISSION,,KELP,SEASHELLS,2034,4
29600,SUBMISSION,,SQUID_INK,SEASHELLS,1854,4
29800,,SUBMISSION,KELP,SEASHELLS,2035,1
29800,,SUBMISSION,RAINFOREST_RESIN,SEASHELLS,10004,5
29800,,SUBMISSION,SQUID_INK,SEASHELLS,1855,1
29900,,SUBMISSION,KELP,SEASHELLS,2035,15
29900,,SUBMISSION,SQUID_INK,SEASHELLS,1856,15
30200,SUBMISSION,,RAINFOREST_RESIN,SEASHELLS,9998,1
30300,,SUBMISSION,RAINFOREST_RESIN,SEASHELLS,10002,3
30300,,SUBMISSION,RAINFOREST_RESIN,SEASHELLS,10002,1
30400,,SUBMISSION,KELP,SEASHELLS,2035,2
30400,,SUBMISSION,SQUID_INK,SEASHELLS,1852,2
30400,,,KELP,SEASHELLS,2035,3
30400,,,SQUID_INK,SEASHELLS,1852,3
30600,,SUBMISSION,RAINFOREST_RESIN,SEASHELLS,10002,1
30600,SUBMISSION,,RAINFOREST_RESIN,SEASHELLS,9997,4
31000,,SUBMISSION,KELP,SEASHELLS,2035,5
31000,,SUBMISSION,KELP,SEASHELLS,2035,1
31000,,SUBMISSION,KELP,SEASHELLS,2035,0
31000,,SUBMISSION,KELP,SEASHELLS,2035,1
31000,,SUBMISSION,SQUID_INK,SEASHELLS,1851,5
31000,,SUBMISSION,SQUID_INK,SEASHELLS,1851,1
31000,,,RAINFOREST_RESIN,SEASHELLS,10002,1
31000,,,RAINFOREST_RESIN,SEASHELLS,10002,1
31000,,,SQUID_INK,SEASHELLS,1852,1
31100,SUBMISSION,,KELP,SEASHELLS,2034,9
31100,,SUBMISSION,RAINFOREST_RESIN,SEASHELLS,10002,1
31100,,,KELP,SEASHELLS,2035,1
31100,,,SQUID_INK,SEASHELLS,1852,1
31100,,,SQUID_INK,SEASHELLS,1850,9
31200,,SUBMISSION,RAINFOREST_RESIN,SEASHELLS,10002,6
31200,,,KELP,SEASHELLS,2034,1
31200,,,RAINFOREST_RESIN,SEASHELLS,10002,1
31200,,,RAINFOREST_RESIN,SEASHELLS,10002,6
31200,,,SQUID_INK,SEASHELLS,1850,1
31400,,,RAINFOREST_RESIN,SEASHELLS,10002,3
31600,SUBMISSION,,RAINFOREST_RESIN,SEASHELLS,9998,3
31600,,,RAINFOREST_RESIN,SEASHELLS,9998,1
31700,SUBMISSION,,RAINFOREST_RESIN,SEASHELLS,9996,3
31700,,,RAINFOREST_RESIN,SEASHELLS,10002,1
31800,,SUBMISSION,KELP,SEASHELLS,2035,2
31800,,SUBMISSION,SQUID_INK,SEASHELLS,1850,2
32100,SUBMISSION,,KELP,SEASHELLS,2034,2
32100,SUBMISSION,,SQUID_INK,SEASHELLS,1849,2
32100,,,RAINFOREST_RESIN,SEASHELLS,9998,2
32300,,SUBMISSION,RAINFOREST_RESIN,SEASHELLS,10000,3
32500,,SUBMISSION,KELP,SEASHELLS,2036,9
32500,,SUBMISSION,RAINFOREST_RESIN,SEASHELLS,10002,1
32500,,SUBMISSION,SQUID_INK,SEASHELLS,1848,7
32500,,,SQUID_INK,SEASHELLS,1848,2
33200,,,KELP,SEASHELLS,2036,1
33200,,,SQUID_INK,SEASHELLS,1837,1
33600,SUBMISSION,,RAINFOREST_RESIN,SEASHELLS,9998,2
33900,,SUBMISSION,RAINFOREST_RESIN,SEASHELLS,10003,12
34000,,SUBMISSION,KELP,SEASHELLS,2036,1
34000,,SUBMISSION,SQUID_INK,SEASHELLS,1848,1
34200,,,RAINFOREST_RESIN,SEASHELLS,10002,1
34300,,,KELP,SEASHELLS,2034,1
34300,,,SQUID_INK,SEASHELLS,1846,1
34600,,SUBMISSION,KELP,SEASHELLS,2036,14
34600,,SUBMISSION,SQUID_INK,SEASHELLS,1848,14
34800,,,KELP,SEASHELLS,2034,10
34800,,,SQUID_INK,SEASHELLS,1846,10
35400,,SUBMISSION,RAINFOREST_RESIN,SEASHELLS,10002,1
35400,SUBMISSION,,RAINFOREST_RESIN,SEASHELLS,9997,2
35700,,SUBMISSION,KELP,SEASHELLS,2036,11
35700,,SUBMISSION,SQUID_INK,SEASHELLS,1844,11
36000,SUBMISSION,,KELP,SEASHELLS,2035,2
36000,SUBMISSION,,KELP,SEASHELLS,2036,2
36000,SUBMISSION,,SQUID_INK,SEASHELLS,1842,2
36500,,,KELP,SEASHELLS,2034,1
36500,,,SQUID_INK,SEASHELLS,1843,1
36600,SUBMISSION,,KELP,SEASHELLS,2035,2
36600,SUBMISSION,,SQUID_INK,SEASHELLS,1842,2
36700,,SUBMISSION,RAINFOREST_RESIN,SEASHELLS,10002,1
36700,,,RAINFOREST_RESIN,SEASHELLS,10002,1
37100,,SUBMISSION,KELP,SEASHELLS,2036,9
37100,,SUBMISSION,SQUID_INK,SEASHELLS,1846,9
37300,SUBMISSION,,KELP,SEASHELLS,2036,4
37300,SUBMISSION,,RAINFOREST_RESIN,SEASHELLS,9997,3
37300,SUBMISSION,,SQUID_INK,SEASHELLS,1842,4
37500,,SUBMISSION,RAINFOREST_RESIN,SEASHELLS,10000,2
37600,SUBMISSION,,KELP,SEASHELLS,2036,3
37600,SUBMISSION,,KELP,SEASHELLS,2035,9
37600,,SUBMISSION,RAINFOREST_RESIN,SEASHELLS,10003,10
37600,SUBMISSION,,SQUID_INK,SEASHELLS,1846,9
37600,,,KELP,SEASHELLS,2036,1
37600,,,SQUID_INK,SEASHELLS,1847,1
37700,,SUBMISSION,RAINFOREST_RESIN,SEASHELLS,10002,1
37800,,SUBMISSION,KELP,SEASHELLS,2036,2
37800,,SUBMISSION,RAINFOREST_RESIN,SEASHELLS,10003,2
37800,,SUBMISSION,SQUID_INK,SEASHELLS,1850,2
38100,SUBMISSION,,SQUID_INK,SEASHELLS,1850,2
38400,SUBMISSION,,SQUID_INK,SEASHELLS,1850,2
38400,,,KELP,SEASHELLS,2034,4
38400,,,SQUID_INK,SEASHELLS,1850,2
38600,,SUBMISSION,RAINFOREST_RESIN,SEASHELLS,10002,1
38700,,SUBMISSION,RAINFOREST_RESIN,SEASHELLS,10003,8
38700,,,KELP,SEASHELLS,2034,1
38700,,,SQUID_INK,SEASHELLS,1850,1
39000,SUBMISSION,,KELP,SEASHELLS,2035,3
39000,SUBMISSION,,RAINFOREST_RESIN,SEASHELLS,10000,3
39100,,SUBMISSION,KELP,SEASHELLS,2036,1
39100,SUBMISSION,,RAINFOREST_RESIN,SEASHELLS,9998,3
39100,,SUBMISSION,RAINFOREST_RESIN,SEASHELLS,10003,1
39100,,SUBMISSION,SQUID_INK,SEASHELLS,1852,1
39200,SUBMISSION,,KELP,SEASHELLS,2035,4
39200,SUBMISSION,,KELP,SEASHELLS,2035,2
39200,SUBMISSION,,RAINFOREST_RESIN,SEASHELLS,10000,4
39200,SUBMISSION,,RAINFOREST_RESIN,SEASHELLS,9996,2
39200,SUBMISSION,,SQUID_INK,SEASHELLS,1850,4
39200,SUBMISSION,,SQUID_INK,SEASHELLS,1850,2
39700,SUBMISSION,,KELP,SEASHELLS,2035,6
39700,SUBMISSION,,RAINFOREST_RESIN,SEASHELLS,10000,6
39700,SUBMISSION,,SQUID_INK,SEASHELLS,1850,6
39700,,,KELP,SEASHELLS,2034,1
39700,,,SQUID_INK,SEASHELLS,1849,1
39800,SUBMISSION,,RAINFOREST_RESIN,SEASHELLS,9998,1
40000,SUBMISSION,,KELP,SEASHELLS,2035,14
40000,,SUBMISSION,RAINFOREST_RESIN,SEASHELLS,10002,11
40000,SUBMISSION,,SQUID_INK,SEASHELLS,1850,14
40200,,SUBMISSION,KELP,SEASHELLS,2036,6
40200,,SUBMISSION,SQUID_INK,SEASHELLS,1853,6
40300,,SUBMISSION,RAINFOREST_RESIN,SEASHELLS,10002,4
40500,,SUBMISSION,KELP,SEASHELLS,2036,13
40500,,SUBMISSION,SQUID_INK,SEASHELLS,1853,13
40600,,SUBMISSION,RAINFOREST_RESIN,SEASHELLS,10002,1
40700,,SUBMISSION,KELP,SEASHELLS,2036,1
40700,,SUBMISSION,SQUID_INK,SEASHELLS,1854,1
41000,SUBMISSION,,RAINFOREST_RESIN,SEASHELLS,10000,2
41000,SUBMISSION,,SQUID_INK,SEASHELLS,1853,2
41400,,,KELP,SEASHELLS,2034,5
41400,,,SQUID_INK,SEASHELLS,1855,5
41700,,SUBMISSION,KELP,SEASHELLS,2036,2
41700,,SUBMISSION,SQUID_INK,SEASHELLS,1859,2
41800,,,KELP,SEASHELLS,2034,1
41800,,,SQUID_INK,SEASHELLS,1857,1
42000,SUBMISSION,,RAINFOREST_RESIN,SEASHELLS,9998,1
42100,,SUBMISSION,RAINFOREST_RESIN,SEASHELLS,10002,1
42100,,SUBMISSION,RAINFOREST_RESIN,SEASHELLS,10002,1
42400,SUBMISSION,,KELP,SEASHELLS,2035,1
42400,SUBMISSION,,RAINFOREST_RESIN,SEASHELLS,9997,1
42400,SUBMISSION,,SQUID_INK,SEASHELLS,1860,1
42500,SUBMISSION,,SQUID_INK,SEASHELLS,1861,2
42600,,SUBMISSION,KELP,SEASHELLS,2036,1
42600,,SUBMISSION,SQUID_INK,SEASHELLS,1860,1
42800,SUBMISSION,,KELP,SEASHELLS,2035,2
42800,SUBMISSION,,RAINFOREST_RESIN,SEASHELLS,10000,2
42800,SUBMISSION,,SQUID_INK,SEASHELLS,1859,2
42900,,SUBMISSION,RAINFOREST_RESIN,SEASHELLS,10002,5
43200,SUBMISSION,,RAINFOREST_RESIN,SEASHELLS,9997,3
43300,,SUBMISSION,KELP,SEASHELLS,2036,1
43300,,SUBMISSION,SQUID_INK,SEASHELLS,1864,1
43600,,,RAINFOREST_RESIN,SEASHELLS,10002,2
43800,,SUBMISSION,KELP,SEASHELLS,2037,4
43800,,SUBMISSION,SQUID_INK,SEASHELLS,1855,5
43800,,,KELP,SEASHELLS,2037,1
43900,,SUBMISSION,KELP,SEASHELLS,2036,2
43900,,SUBMISSION,SQUID_INK,SEASHELLS,1854,2
43900,,,KELP,SEASHELLS,2034,1
43900,,,RAINFOREST_RESIN,SEASHELLS,10002,1
43900,,,RAINFOREST_RESIN,SEASHELLS,10002,4
43900,,,RAINFOREST_RESIN,SEASHELLS,10002,2
43900,,,SQUID_INK,SEASHELLS,1852,1
44000,,SUBMISSION,RAINFOREST_RESIN,SEASHELLS,10002,4
44300,SUBMISSION,,RAINFOREST_RESIN,SEASHELLS,9998,2
44700,,,KELP,SEASHELLS,2036,1
44700,,,SQUID_INK,SEASHELLS,1851,1
45000,,,KELP,SEASHELLS,2034,1
45000,,,SQUID_INK,SEASHELLS,1847,1
45100,SUBMISSION,,RAINFOREST_RESIN,SEASHELLS,9998,1
45200,,SUBMISSION,RAINFOREST_RESIN,SEASHELLS,10002,1
45200,,,KELP,SEASHELLS,2034,1
45200,,,SQUID_INK,SEASHELLS,1848,1
45300,,,KELP,SEASHELLS,2034,1
45300,,,SQUID_INK,SEASHELLS,1848,1
45500,SUBMISSION,,KELP,SEASHELLS,2034,2
45500,SUBMISSION,,RAINFOREST_RESIN,SEASHELLS,9998,3
45500,SUBMISSION,,SQUID_INK,SEASHELLS,1847,3
45500,,,KELP,SEASHELLS,2034,1
45700,,SUBMISSION,RAINFOREST_RESIN,SEASHELLS,10002,1
45800,,SUBMISSION,KELP,SEASHELLS,2035,5
45800,,SUBMISSION,SQUID_INK,SEASHELLS,1848,5
45900,,,KELP,SEASHELLS,2033,1
45900,,,SQUID_INK,SEASHELLS,1848,1
46000,SUBMISSION,,RAINFOREST_RESIN,SEASHELLS,9998,1
46000,,SUBMISSION,RAINFOREST_RESIN,SEASHELLS,10004,11
46400,,SUBMISSION,KELP,SEASHELLS,2035,1
46400,,SUBMISSION,SQUID_INK,SEASHELLS,1849,1
46500,,SUBMISSION,KELP,SEASHELLS,2035,2
46500,SUBMISSION,,RAINFOREST_RESIN,SEASHELLS,9998,1
46500,,SUBMISSION,SQUID_INK,SEASHELLS,1847,2
46600,,SUBMISSION,KELP,SEASHELLS,2035,1
46900,SUBMISSION,,SQUID_INK,SEASHELLS,1847,10
46900,,,KELP,SEASHELLS,2033,10
47100,SUBMISSION,,RAINFOREST_RESIN,SEASHELLS,9998,1
47200,,SUBMISSION,KELP,SEASHELLS,2035,1
47200,,SUBMISSION,SQUID_INK,SEASHELLS,1848,1
47400,,SUBMISSION,SQUID_INK,SEASHELLS,1847,5
47400,,,KELP,SEASHELLS,2035,2
47400,,,RAINFOREST_RESIN,SEASHELLS,9998,1
47400,,,SQUID_INK,SEASHELLS,1847,2
47500,SUBMISSION,,RAINFOREST_RESIN,SEASHELLS,9998,1
47700,SUBMISSION,,KELP,SEASHELLS,2034,10
47700,SUBMISSION,,SQUID_INK,SEASHELLS,1846,10
48000,,SUBMISSION,RAINFOREST_RESIN,SEASHELLS,10002,2
48000,,,RAINFOREST_RESIN,SEASHELLS,10002,1
48100,SUBMISSION,,SQUID_INK,SEASHELLS,1845,1
48200,,,KELP,SEASHELLS,2033,1
48200,,,SQUID_INK,SEASHELLS,1842,1
48300,SUBMISSION,,KELP,SEASHELLS,2034,4
48300,,,KELP,SEASHELLS,2034,1
48300,,,SQUID_INK,SEASHELLS,1839,1
48300,,,SQUID_INK,SEASHELLS,1839,4
48700,SUBMISSION,,KELP,SEASHELLS,2034,2
48700,SUBMISSION,,RAINFOREST_RESIN,SEASHELLS,10000,2
48700,SUBMISSION,,SQUID_INK,SEASHELLS,1841,2
48900,SUBMISSION,,SQUID_INK,SEASHELLS,1840,1
48900,,,KELP,SEASHELLS,2033,1
49000,,SUBMISSION,RAINFOREST_RESIN,SEASHELLS,10003,2
49200,,SUBMISSION,RAINFOREST_RESIN,SEASHELLS,10002,3
49600,SUBMISSION,,RAINFOREST_RESIN,SEASHELLS,10000,3
49600,SUBMISSION,,SQUID_INK,SEASHELLS,1832,3
49700,,SUBMISSION,KELP,SEASHELLS,2036,1
49700,,SUBMISSION,SQUID_INK,SEASHELLS,1832,1
49800,,SUBMISSION,KELP,SEASHELLS,2036,1
49800,,SUBMISSION,SQUID_INK,SEASHELLS,1834,1
49800,,,KELP,SEASHELLS,2034,1
49800,,,RAINFOREST_RESIN,SEASHELLS,10002,1
49800,,,SQUID_INK,SEASHELLS,1832,1
50100,,SUBMISSION,RAINFOREST_RESIN,SEASHELLS,10002,4
50100,SUBMISSION,,RAINFOREST_RESIN,SEASHELLS,9997,12
50300,SUBMISSION,,SQUID_INK,SEASHELLS,1833,4
50400,,,KELP,SEASHELLS,2034,2
50400,,,KELP,SEASHELLS,2034,1
50400,,,SQUID_INK,SEASHELLS,1831,2
50400,,,SQUID_INK,SEASHELLS,1831,1
50500,,SUBMISSION,SQUID_INK,SEASHELLS,1832,4
50600,SUBMISSION,,KELP,SEASHELLS,2035,4
50600,SUBMISSION,,RAINFOREST_RESIN,SEASHELLS,10000,5
50600,SUBMISSION,,SQUID_INK,SEASHELLS,1832,4
50600,,,KELP,SEASHELLS,2036,1
50600,,,SQUID_INK,SEASHELLS,1833,1
50900,SUBMISSION,,KELP,SEASHELLS,2035,5
50900,SUBMISSION,,RAINFOREST_RESIN,SEASHELLS,10000,5
50900,SUBMISSION,,SQUID_INK,SEASHELLS,1832,5
50900,,,KELP,SEASHELLS,2034,1
50900,,,SQUID_INK,SEASHELLS,1831,1
51300,SUBMISSION,,RAINFOREST_RESIN,SEASHELLS,9998,5
51400,,SUBMISSION,KELP,SEASHELLS,2036,5
51400,,SUBMISSION,SQUID_INK,SEASHELLS,1831,5
51400,,,KELP,SEASHELLS,2036,5
51400,,,SQUID_INK,SEASHELLS,1831,5
51500,,SUBMISSION,KELP,SEASHELLS,2036,4
51500,SUBMISSION,,KELP,SEASHELLS,2035,2
51500,SUBMISSION,,RAINFOREST_RESIN,SEASHELLS,9996,2
51500,,SUBMISSION,SQUID_INK,SEASHELLS,1831,4
51500,SUBMISSION,,SQUID_INK,SEASHELLS,1830,2
51600,,SUBMISSION,KELP,SEASHELLS,2036,3
51600,,,KELP,SEASHELLS,2036,1
51600,,,SQUID_INK,SEASHELLS,1829,1
52000,SUBMISSION,,KELP,SEASHELLS,2035,5
52000,SUBMISSION,,RAINFOREST_RESIN,SEASHELLS,10000,2
52000,SUBMISSION,,SQUID_INK,SEASHELLS,1830,5
52000,,,RAINFOREST_RESIN,SEASHELLS,9998,1
52200,SUBMISSION,,KELP,SEASHELLS,2034,1
52200,,,RAINFOREST_RESIN,SEASHELLS,10002,1
52200,,,SQUID_INK,SEASHELLS,1827,1
52400,,SUBMISSION,RAINFOREST_RESIN,SEASHELLS,10002,3
52400,,,RAINFOREST_RESIN,SEASHELLS,10002,4
52600,,SUBMISSION,RAINFOREST_RESIN,SEASHELLS,10003,12
52600,,,KELP,SEASHELLS,2034,2
52600,,,SQUID_INK,SEASHELLS,1834,2
52700,,SUBMISSION,KELP,SEASHELLS,2036,1
52700,,SUBMISSION,SQUID_INK,SEASHELLS,1838,1
52800,,SUBMISSION,KELP,SEASHELLS,2036,1
52800,,SUBMISSION,SQUID_INK,SEASHELLS,1839,1
53100,SUBMISSION,,RAINFOREST_RESIN,SEASHELLS,9998,5
53200,,SUBMISSION,KELP,SEASHELLS,2036,1
53200,,SUBMISSION,SQUID_INK,SEASHELLS,1839,1
53300,SUBMISSION,,KELP,SEASHELLS,2035,8
53300,SUBMISSION,,SQUID_INK,SEASHELLS,1841,8
53400,SUBMISSION,,RAINFOREST_RESIN,SEASHELLS,9998,1
53500,SUBMISSION,,SQUID_INK,SEASHELLS,1841,2
53900,SUBMISSION,,KELP,SEASHELLS,2035,4
53900,SUBMISSION,,RAINFOREST_RESIN,SEASHELLS,10000,4
53900,SUBMISSION,,SQUID_INK,SEASHELLS,1839,4
54000,,,RAINFOREST_RESIN,SEASHELLS,10002,1
54100,,SUBMISSION,KELP,SEASHELLS,2036,2
54100,,SUBMISSION,RAINFOREST_RESIN,SEASHELLS,10003,2
54100,,SUBMISSION,SQUID_INK,SEASHELLS,1840,2
54200,,,KELP,SEASHELLS,2034,1
54200,,,SQUID_INK,SEASHELLS,1840,1
54300,SUBMISSION,,KELP,SEASHELLS,2035,2
54300,,SUBMISSION,RAINFOREST_RESIN,SEASHELLS,10002,1
54300,SUBMISSION,,RAINFOREST_RESIN,SEASHELLS,9997,2
54300,SUBMISSION,,SQUID_INK,SEASHELLS,1837,2
54600,,SUBMISSION,RAINFOREST_RESIN,SEASHELLS,10002,2
54700,,SUBMISSION,KELP,SEASHELLS,2036,2
54700,,SUBMISSION,RAINFOREST_RESIN,SEASHELLS,10003,5
54700,,SUBMISSION,RAINFOREST_RESIN,SEASHELLS,10003,2
54700,,SUBMISSION,SQUID_INK,SEASHELLS,1841,2
54900,,,KELP,SEASHELLS,2036,1
54900,,,SQUID_INK,SEASHELLS,1841,1
55200,,,KELP,SEASHELLS,2034,1
55200,,,SQUID_INK,SEASHELLS,1838,1
55300,,SUBMISSION,RAINFOREST_RESIN,SEASHELLS,10002,3
55300,,,KELP,SEASHELLS,2036,1
55300,,,RAINFOREST_RESIN,SEASHELLS,10002,5
55300,,,SQUID_INK,SEASHELLS,1838,1
55400,,,RAINFOREST_RESIN,SEASHELLS,9998,6
55900,,SUBMISSION,SQUID_INK,SEASHELLS,1840,4
55900,,,RAINFOREST_RESIN,SEASHELLS,9998,4
56100,SUBMISSION,,RAINFOREST_RESIN,SEASHELLS,9998,1
56200,SUBMISSION,,KELP,SEASHELLS,2035,4
56200,SUBMISSION,,RAINFOREST_RESIN,SEASHELLS,10000,4
56200,SUBMISSION,,SQUID_INK,SEASHELLS,1835,4
56500,,,RAINFOREST_RESIN,SEASHELLS,10002,6
56600,SUBMISSION,,SQUID_INK,SEASHELLS,1840,3
56700,SUBMISSION,,KELP,SEASHELLS,2034,2
56700,,,KELP,SEASHELLS,2034,2
56700,,,RAINFOREST_RESIN,SEASHELLS,9998,1
56700,,,SQUID_INK,SEASHELLS,1841,2
56700,,,SQUID_INK,SEASHELLS,1841,2
57100,,SUBMISSION,KELP,SEASHELLS,2036,1
57100,,SUBMISSION,SQUID_INK,SEASHELLS,1846,1
57100,,,RAINFOREST_RESIN,SEASHELLS,9998,1
57300,,,KELP,SEASHELLS,2035,1
57600,,SUBMISSION,KELP,SEASHELLS,2035,5
57600,,SUBMISSION,SQUID_INK,SEASHELLS,1843,5
57600,,,RAINFOREST_RESIN,SEASHELLS,9998,1
57900,SUBMISSION,,KELP,SEASHELLS,2034,5
57900,,,SQUID_INK,SEASHELLS,1840,5
58000,,SUBMISSION,KELP,SEASHELLS,2036,14
58000,,SUBMISSION,SQUID_INK,SEASHELLS,1842,14
58100,,SUBMISSION,RAINFOREST_RESIN,SEASHELLS,10004,7
58600,SUBMISSION,,KELP,SEASHELLS,2034,1
58600,SUBMISSION,,RAINFOREST_RESIN,SEASHELLS,9997,1
58600,SUBMISSION,,SQUID_INK,SEASHELLS,1841,1
58700,SUBMISSION,,RAINFOREST_RESIN,SEASHELLS,9998,1
58700,SUBMISSION,,RAINFOREST_RESIN,SEASHELLS,10000,4
58800,,SUBMISSION,RAINFOREST_RESIN,SEASHELLS,10003,2
58800,,,KELP,SEASHELLS,2035,2
58800,,,SQUID_INK,SEASHELLS,1839,2
58900,,SUBMISSION,KELP,SEASHELLS,2036,1
58900,,SUBMISSION,KELP,SEASHELLS,2036,2
58900,,SUBMISSION,RAINFOREST_RESIN,SEASHELLS,10003,2
58900,,SUBMISSION,SQUID_INK,SEASHELLS,1841,1
58900,,SUBMISSION,SQUID_INK,SEASHELLS,1841,2
59100,,,RAINFOREST_RESIN,SEASHELLS,9998,1
59200,,SUBMISSION,KELP,SEASHELLS,2036,10
59200,,SUBMISSION,RAINFOREST_RESIN,SEASHELLS,10002,1
59200,,SUBMISSION,SQUID_INK,SEASHELLS,1842,10
59400,,SUBMISSION,RAINFOREST_RESIN,SEASHELLS,10002,1
59400,SUBMISSION,,RAINFOREST_RESIN,SEASHELLS,9996,12
59600,,SUBMISSION,RAINFOREST_RESIN,SEASHELLS,10002,1
59700,,SUBMISSION,KELP,SEASHELLS,2036,1
59700,SUBMISSION,,KELP,SEASHELLS,2035,6
59700,,SUBMISSION,SQUID_INK,SEASHELLS,1844,1
59700,SUBMISSION,,SQUID_INK,SEASHELLS,1843,6
59900,SUBMISSION,,KELP,SEASHELLS,2035,2
59900,SUBMISSION,,RAINFOREST_RESIN,SEASHELLS,9997,2
59900,SUBMISSION,,SQUID_INK,SEASHELLS,1846,2
60000,SUBMISSION,,RAINFOREST_RESIN,SEASHELLS,9998,3
60400,SUBMISSION,,RAINFOREST_RESIN,SEASHELLS,9998,1
60400,SUBMISSION,,RAINFOREST_RESIN,SEASHELLS,9997,7
60500,SUBMISSION,,SQUID_INK,SEASHELLS,1843,2
60600,SUBMISSION,,RAINFOREST_RESIN,SEASHELLS,9997,11
60600,,,KELP,SEASHELLS,2034,1
60600,,,SQUID_INK,SEASHELLS,1840,1
60700,,SUBMISSION,KELP,SEASHELLS,2036,9
60700,,SUBMISSION,SQUID_INK,SEASHELLS,1842,9
60700,,,KELP,SEASHELLS,2034,1
60700,,,SQUID_INK,SEASHELLS,1840,1
60800,,SUBMISSION,KELP,SEASHELLS,2036,1
60800,,SUBMISSION,SQUID_INK,SEASHELLS,1842,1
60900,,SUBMISSION,KELP,SEASHELLS,2036,1
60900,,SUBMISSION,SQUID_INK,SEASHELLS,1843,1
61000,SUBMISSION,,RAINFOREST_RESIN,SEASHELLS,9998,1
61200,,,KELP,SEASHELLS,2034,3
61200,,,KELP,SEASHELLS,2034,1
61200,,,SQUID_INK,SEASHELLS,1841,3
61200,,,SQUID_INK,SEASHELLS,1841,1
61500,,SUBMISSION,KELP,SEASHELLS,2036,1
61500,,SUBMISSION,SQUID_INK,SEASHELLS,1844,1
61800,,,KELP,SEASHELLS,2034,1
61800,,,SQUID_INK,SEASHELLS,1840,1
61900,SUBMISSION,,KELP,SEASHELLS,2034,9
61900,SUBMISSION,,SQUID_INK,SEASHELLS,1841,9
62700,,SUBMISSION,KELP,SEASHELLS,2036,15
62700,,SUBMISSION,SQUID_INK,SEASHELLS,1836,15
62700,,,RAINFOREST_RESIN,SEASHELLS,9998,1
62800,SUBMISSION,,RAINFOREST_RESIN,SEASHELLS,9996,12
62900,,SUBMISSION,RAINFOREST_RESIN,SEASHELLS,10002,11
63100,SUBMISSION,,RAINFOREST_RESIN,SEASHELLS,9998,1
63300,,SUBMISSION,KELP,SEASHELLS,2036,1
63300,,SUBMISSION,RAINFOREST_RESIN,SEASHELLS,10002,4
63300,,SUBMISSION,SQUID_INK,SEASHELLS,1837,1
63300,,,RAINFOREST_RESIN,SEASHELLS,10002,1
63600,,SUBMISSION,KELP,SEASHELLS,2036,1
63600,,SUBMISSION,SQUID_INK,SEASHELLS,1838,1
63700,SUBMISSION,,KELP,SEASHELLS,2035,5
63700,SUBMISSION,,KELP,SEASHELLS,2035,3
63700,SUBMISSION,,SQUID_INK,SEASHELLS,1836,5
63700,,SUBMISSION,SQUID_INK,SEASHELLS,1837,5
63700,,,KELP,SEASHELLS,2035,0
63700,,,KELP,SEASHELLS,2035,4
63700,,,SQUID_INK,SEASHELLS,1837,7
63800,SUBMISSION,,RAINFOREST_RESIN,SEASHELLS,9998,1
63900,SUBMISSION,,SQUID_INK,SEASHELLS,1834,2
64000,SUBMISSION,,RAINFOREST_RESIN,SEASHELLS,9998,1
64000,SUBMISSION,,RAINFOREST_RESIN,SEASHELLS,9998,10
64000,,,KELP,SEASHELLS,2034,1
64000,,,SQUID_INK,SEASHELLS,1831,1
64100,SUBMISSION,,SQUID_INK,SEASHELLS,1835,4
64600,SUBMISSION,,RAINFOREST_RESIN,SEASHELLS,9997,11
64700,,SUBMISSION,RAINFOREST_RESIN,SEASHELLS,10002,1
64800,SUBMISSION,,KELP,SEASHELLS,2034,1
64800,,,SQUID_INK,SEASHELLS,1838,1
64900,SUBMISSION,,RAINFOREST_RESIN,SEASHELLS,9998,4
65000,,SUBMISSION,KELP,SEASHELLS,2036,1
65000,,SUBMISSION,SQUID_INK,SEASHELLS,1841,1
65200,,,KELP,SEASHELLS,2034,1
65200,,,SQUID_INK,SEASHELLS,1838,1
65400,SUBMISSION,,SQUID_INK,SEASHELLS,1838,2
65400,,,KELP,SEASHELLS,2034,1
65400,,,KELP,SEASHELLS,2034,2
65400,,,SQUID_INK,SEASHELLS,1838,1
65700,,,KELP,SEASHELLS,2034,1
65700,,,SQUID_INK,SEASHELLS,1837,1
65800,,SUBMISSION,RAINFOREST_RESIN,SEASHELLS,10002,4
65800,,,RAINFOREST_RESIN,SEASHELLS,10002,1
66100,,SUBMISSION,KELP,SEASHELLS,2036,1
66100,,SUBMISSION,KELP,SEASHELLS,2036,2
66100,,SUBMISSION,RAINFOREST_RESIN,SEASHELLS,10003,2
66100,,SUBMISSION,SQUID_INK,SEASHELLS,1839,1
66100,,SUBMISSION,SQUID_INK,SEASHELLS,1839,2
66200,,SUBMISSION,RAINFOREST_RESIN,SEASHELLS,10002,1
66300,,SUBMISSION,KELP,SEASHELLS,2036,4
66300,,SUBMISSION,RAINFOREST_RESIN,SEASHELLS,10000,3
66300,,SUBMISSION,SQUID_INK,SEASHELLS,1839,4
66500,,SUBMISSION,KELP,SEASHELLS,2036,1
66500,,SUBMISSION,KELP,SEASHELLS,2036,11
66500,,SUBMISSION,SQUID_INK,SEASHELLS,1839,1
66500,,SUBMISSION,SQUID_INK,SEASHELLS,1839,11
66600,,SUBMISSION,RAINFOREST_RESIN,SEASHELLS,10002,3
66600,SUBMISSION,,RAINFOREST_RESIN,SEASHELLS,9998,1
66600,,,RAINFOREST_RESIN,SEASHELLS,9998,1
67200,SUBMISSION,,KELP,SEASHELLS,2035,6
67400,SUBMISSION,,RAINFOREST_RESIN,SEASHELLS,9997,5
67700,SUBMISSION,,KELP,SEASHELLS,2035,3
67700,SUBMISSION,,SQUID_INK,SEASHELLS,1832,3
67800,SUBMISSION,,RAINFOREST_RESIN,SEASHELLS,9997,5
68000,,SUBMISSION,KELP,SEASHELLS,2036,1
68000,,SUBMISSION,SQUID_INK,SEASHELLS,1835,1
68000,,,RAINFOREST_RESIN,SEASHELLS,10002,1
68200,SUBMISSION,,RAINFOREST_RESIN,SEASHELLS,9998,1
68400,,SUBMISSION,RAINFOREST_RESIN,SEASHELLS,10002,1
68500,SUBMISSION,,KELP,SEASHELLS,2035,5
68500,,SUBMISSION,KELP,SEASHELLS,2036,1
68500,,SUBMISSION,RAINFOREST_RESIN,SEASHELLS,10003,1
68500,SUBMISSION,,SQUID_INK,SEASHELLS,1838,5
68500,,SUBMISSION,SQUID_INK,SEASHELLS,1838,1
68500,,,KELP,SEASHELLS,2036,1
68500,,,SQUID_INK,SEASHELLS,1838,1
68600,SUBMISSION,,RAINFOREST_RESIN,SEASHELLS,9998,1
68800,SUBMISSION,,KELP,SEASHELLS,2035,6
68800,SUBMISSION,,SQUID_INK,SEASHELLS,1838,6
69100,SUBMISSION,,KELP,SEASHELLS,2035,1
69100,SUBMISSION,,RAINFOREST_RESIN,SEASHELLS,9997,1
69100,SUBMISSION,,SQUID_INK,SEASHELLS,1838,1
69700,,SUBMISSION,RAINFOREST_RESIN,SEASHELLS,10002,1
69800,,,KELP,SEASHELLS,2034,1
69800,,,SQUID_INK,SEASHELLS,1837,1
69900,,SUBMISSION,RAINFOREST_RESIN,SEASHELLS,10002,1
70100,,SUBMISSION,RAINFOREST_RESIN,SEASHELLS,10002,1
70100,,,KELP,SEASHELLS,2034,1
70100,,,SQUID_INK,SEASHELLS,1839,1
70300,,SUBMISSION,KELP,SEASHELLS,2036,1
70300,,SUBMISSION,RAINFOREST_RESIN,SEASHELLS,10003,1
70300,,SUBMISSION,SQUID_INK,SEASHELLS,1840,1
70400,,SUBMISSION,RAINFOREST_RESIN,SEASHELLS,10002,1
70400,,SUBMISSION,RAINFOREST_RESIN,SEASHELLS,10002,12
70500,,SUBMISSION,RAINFOREST_RESIN,SEASHELLS,10002,1
70500,,,KELP,SEASHELLS,2034,3
70500,,,SQUID_INK,SEASHELLS,1838,3
70600,,SUBMISSION,RAINFOREST_RESIN,SEASHELLS,10002,1
70600,,SUBMISSION,RAINFOREST_RESIN,SEASHELLS,10000,3
70600,,,KELP,SEASHELLS,2034,1
70600,,,SQUID_INK,SEASHELLS,1839,1
70700,,SUBMISSION,KELP,SEASHELLS,2036,1
70700,,SUBMISSION,RAINFOREST_RESIN,SEASHELLS,10004,1
70700,,SUBMISSION,SQUID_INK,SEASHELLS,1840,1
70800,SUBMISSION,,RAINFOREST_RESIN,SEASHELLS,9998,4
70800,SUBMISSION,,RAINFOREST_RESIN,SEASHELLS,9998,1
70900,,,KELP,SEASHELLS,2034,1
70900,,,SQUID_INK,SEASHELLS,1838,1
71000,SUBMISSION,,KELP,SEASHELLS,2036,1
71000,SUBMISSION,,RAINFOREST_RESIN,SEASHELLS,9998,3
71000,SUBMISSION,,SQUID_INK,SEASHELLS,1838,1
71000,,,KELP,SEASHELLS,2036,1
71000,,,RAINFOREST_RESIN,SEASHELLS,9998,8
71000,,,SQUID_INK,SEASHELLS,1839,1
71100,SUBMISSION,,RAINFOREST_RESIN,SEASHELLS,9998,6
71100,,,RAINFOREST_RESIN,SEASHELLS,9998,4
71200,SUBMISSION,,RAINFOREST_RESIN,SEASHELLS,9998,1
71300,SUBMISSION,,KELP,SEASHELLS,2036,1
71300,SUBMISSION,,SQUID_INK,SEASHELLS,1839,7
71400,,SUBMISSION,RAINFOREST_RESIN,SEASHELLS,10002,2
71400,SUBMISSION,,RAINFOREST_RESIN,SEASHELLS,9997,4
71700,SUBMISSION,,KELP,SEASHELLS,2034,1
71700,SUBMISSION,,RAINFOREST_RESIN,SEASHELLS,9998,1
71700,SUBMISSION,,RAINFOREST_RESIN,SEASHELLS,9997,1
71700,SUBMISSION,,SQUID_INK,SEASHELLS,1844,1
71800,SUBMISSION,,RAINFOREST_RESIN,SEASHELLS,9998,1
72100,SUBMISSION,,RAINFOREST_RESIN,SEASHELLS,9998,1
72200,SUBMISSION,,RAINFOREST_RESIN,SEASHELLS,9998,1
72500,,SUBMISSION,KELP,SEASHELLS,2035,1
72500,,SUBMISSION,RAINFOREST_RESIN,SEASHELLS,10000,4
72800,SUBMISSION,,KELP,SEASHELLS,2034,8
72800,,,SQUID_INK,SEASHELLS,1846,8
73400,,,RAINFOREST_RESIN,SEASHELLS,10002,1
73600,SUBMISSION,,KELP,SEASHELLS,2034,2
73600,SUBMISSION,,RAINFOREST_RESIN,SEASHELLS,9998,1
73600,SUBMISSION,,RAINFOREST_RESIN,SEASHELLS,9996,2
73600,SUBMISSION,,SQUID_INK,SEASHELLS,1839,2
73700,,SUBMISSION,RAINFOREST_RESIN,SEASHELLS,10002,4
73900,,SUBMISSION,KELP,SEASHELLS,2036,2
73900,,SUBMISSION,RAINFOREST_RESIN,SEASHELLS,10004,2
73900,,SUBMISSION,SQUID_INK,SEASHELLS,1840,2
74000,,SUBMISSION,KELP,SEASHELLS,2035,6
74000,,SUBMISSION,RAINFOREST_RESIN,SEASHELLS,10000,5
74000,,SUBMISSION,SQUID_INK,SEASHELLS,1838,1
74000,,,RAINFOREST_RESIN,SEASHELLS,9998,1
74100,,SUBMISSION,KELP,SEASHELLS,2035,2
74200,,SUBMISSION,RAINFOREST_RESIN,SEASHELLS,10002,1
74200,SUBMISSION,,SQUID_INK,SEASHELLS,1834,7
74200,,SUBMISSION,SQUID_INK,SEASHELLS,1835,2
74200,,,KELP,SEASHELLS,2035,2
74200,,,RAINFOREST_RESIN,SEASHELLS,10002,1
74300,,SUBMISSION,RAINFOREST_RESIN,SEASHELLS,10003,1
74300,SUBMISSION,,SQUID_INK,SEASHELLS,1833,3
74300,,SUBMISSION,SQUID_INK,SEASHELLS,1834,1
74300,,,KELP,SEASHELLS,2036,1
74300,,,KELP,SEASHELLS,2035,1
74300,,,RAINFOREST_RESIN,SEASHELLS,9998,1
74300,,,SQUID_INK,SEASHELLS,1834,1
74500,,SUBMISSION,KELP,SEASHELLS,2036,1
74500,,SUBMISSION,SQUID_INK,SEASHELLS,1832,1
74600,SUBMISSION,,RAINFOREST_RESIN,SEASHELLS,9998,2
75000,SUBMISSION,,KELP,SEASHELLS,2035,1
75000,SUBMISSION,,RAINFOREST_RESIN,SEASHELLS,9998,4
75000,SUBMISSION,,RAINFOREST_RESIN,SEASHELLS,9997,1
75000,SUBMISSION,,SQUID_INK,SEASHELLS,1831,1
75500,SUBMISSION,,KELP,SEASHELLS,2035,2
75500,SUBMISSION,,RAINFOREST_RESIN,SEASHELLS,9997,2
75500,SUBMISSION,,SQUID_INK,SEASHELLS,1832,2
75600,SUBMISSION,,RAINFOREST_RESIN,SEASHELLS,9998,9
75700,,SUBMISSION,KELP,SEASHELLS,2036,1
75700,,SUBMISSION,KELP,SEASHELLS,2036,2
75700,,SUBMISSION,RAINFOREST_RESIN,SEASHELLS,10003,2
75700,,SUBMISSION,SQUID_INK,SEASHELLS,1833,1
75700,,SUBMISSION,SQUID_INK,SEASHELLS,1833,2
75800,,SUBMISSION,KELP,SEASHELLS,2036,1
75800,,SUBMISSION,SQUID_INK,SEASHELLS,1834,1
75900,SUBMISSION,,KELP,SEASHELLS,2036,2
76100,,SUBMISSION,RAINFOREST_RESIN,SEASHELLS,10002,1
76500,,SUBMISSION,RAINFOREST_RESIN,SEASHELLS,10000,2
76500,,SUBMISSION,SQUID_INK,SEASHELLS,1826,2
76700,SUBMISSION,,KELP,SEASHELLS,2035,2
76700,SUBMISSION,,SQUID_INK,SEASHELLS,1827,2
76700,,,KELP,SEASHELLS,2034,1
76700,,,RAINFOREST_RESIN,SEASHELLS,9998,2
76700,,,SQUID_INK,SEASHELLS,1826,1
76900,,,KELP,SEASHELLS,2034,1
76900,,,SQUID_INK,SEASHELLS,1820,1
77100,,SUBMISSION,KELP,SEASHELLS,2036,2
77100,,SUBMISSION,SQUID_INK,SEASHELLS,1822,5
77300,,,KELP,SEASHELLS,2034,1
77300,,,SQUID_INK,SEASHELLS,1821,1
77400,,SUBMISSION,KELP,SEASHELLS,2036,7
77400,SUBMISSION,,SQUID_INK,SEASHELLS,1824,3
77400,,SUBMISSION,SQUID_INK,SEASHELLS,1825,10
77400,,,KELP,SEASHELLS,2036,3
77700,,SUBMISSION,RAINFOREST_RESIN,SEASHELLS,10002,1
77900,,SUBMISSION,KELP,SEASHELLS,2037,1
77900,SUBMISSION,,RAINFOREST_RESIN,SEASHELLS,9998,1
77900,,SUBMISSION,SQUID_INK,SEASHELLS,1824,1
78100,,,KELP,SEASHELLS,2035,1
78100,,,SQUID_INK,SEASHELLS,1821,1
78200,,SUBMISSION,KELP,SEASHELLS,2037,1
78200,,SUBMISSION,RAINFOREST_RESIN,SEASHELLS,10002,1
78200,,SUBMISSION,SQUID_INK,SEASHELLS,1821,1
78500,,SUBMISSION,RAINFOREST_RESIN,SEASHELLS,10003,3
78600,SUBMISSION,,SQUID_INK,SEASHELLS,1823,3
78700,SUBMISSION,,RAINFOREST_RESIN,SEASHELLS,9997,6
78900,SUBMISSION,,RAINFOREST_RESIN,SEASHELLS,9998,1
79100,SUBMISSION,,RAINFOREST_RESIN,SEASHELLS,9998,5
79200,,,RAINFOREST_RESIN,SEASHELLS,10002,3
79400,,SUBMISSION,KELP,SEASHELLS,2037,1
79400,,SUBMISSION,RAINFOREST_RESIN,SEASHELLS,10004,1
79400,,SUBMISSION,SQUID_INK,SEASHELLS,1822,1
79500,,SUBMISSION,KELP,SEASHELLS,2037,7
79500,,SUBMISSION,RAINFOREST_RESIN,SEASHELLS,10003,8
79500,,SUBMISSION,SQUID_INK,SEASHELLS,1818,7
79500,,,KELP,SEASHELLS,2035,1
79500,,,SQUID_INK,SEASHELLS,1816,1
79600,SUBMISSION,,SQUID_INK,SEASHELLS,1816,3
80000,SUBMISSION,,KELP,SEASHELLS,2035,1
80000,,,SQUID_INK,SEASHELLS,1815,1
80100,SUBMISSION,,KELP,SEASHELLS,2035,1
80100,SUBMISSION,,RAINFOREST_RESIN,SEASHELLS,9997,1
80100,SUBMISSION,,SQUID_INK,SEASHELLS,1812,1
80300,SUBMISSION,,KELP,SEASHELLS,2036,6
80300,SUBMISSION,,SQUID_INK,SEASHELLS,1806,6
80500,SUBMISSION,,KELP,SEASHELLS,2035,2
80500,,SUBMISSION,KELP,SEASHELLS,2037,1
80500,SUBMISSION,,RAINFOREST_RESIN,SEASHELLS,9998,1
80500,,SUBMISSION,RAINFOREST_RESIN,SEASHELLS,10003,1
80500,,SUBMISSION,SQUID_INK,SEASHELLS,1807,1
80500,,,SQUID_INK,SEASHELLS,1805,2
80600,SUBMISSION,,KELP,SEASHELLS,2036,2
80800,SUBMISSION,,KELP,SEASHELLS,2036,6
80900,SUBMISSION,,SQUID_INK,SEASHELLS,1808,5
81200,,SUBMISSION,KELP,SEASHELLS,2037,1
81200,,SUBMISSION,SQUID_INK,SEASHELLS,1806,2
81200,,,KELP,SEASHELLS,2037,1
81200,,,RAINFOREST_RESIN,SEASHELLS,10002,2
81300,,SUBMISSION,KELP,SEASHELLS,2037,2
81300,,SUBMISSION,RAINFOREST_RESIN,SEASHELLS,10002,1
81300,,SUBMISSION,RAINFOREST_RESIN,SEASHELLS,10003,2
81300,,SUBMISSION,SQUID_INK,SEASHELLS,1807,2
81500,,,RAINFOREST_RESIN,SEASHELLS,9998,1
81600,,SUBMISSION,RAINFOREST_RESIN,SEASHELLS,10002,1
82000,,,RAINFOREST_RESIN,SEASHELLS,10002,1
82100,SUBMISSION,,RAINFOREST_RESIN,SEASHELLS,9998,1
82100,,,RAINFOREST_RESIN,SEASHELLS,9998,4
82300,,SUBMISSION,RAINFOREST_RESIN,SEASHELLS,10003,9
82500,SUBMISSION,,RAINFOREST_RESIN,SEASHELLS,9998,3
82600,SUBMISSION,,KELP,SEASHELLS,2036,3
82600,SUBMISSION,,KELP,SEASHELLS,2036,2
82600,SUBMISSION,,KELP,SEASHELLS,2036,14
82600,SUBMISSION,,SQUID_INK,SEASHELLS,1804,4
82600,SUBMISSION,,SQUID_INK,SEASHELLS,1804,1
82600,SUBMISSION,,SQUID_INK,SEASHELLS,1804,14
83100,SUBMISSION,,RAINFOREST_RESIN,SEASHELLS,9998,5
83400,SUBMISSION,,SQUID_INK,SEASHELLS,1805,3
83500,,SUBMISSION,KELP,SEASHELLS,2037,1
83500,,SUBMISSION,SQUID_INK,SEASHELLS,1802,1
83600,SUBMISSION,,KELP,SEASHELLS,2036,2
83600,SUBMISSION,,RAINFOREST_RESIN,SEASHELLS,9998,1
83600,SUBMISSION,,SQUID_INK,SEASHELLS,1804,2
83600,,,RAINFOREST_RESIN,SEASHELLS,9998,1
83800,SUBMISSION,,RAINFOREST_RESIN,SEASHELLS,9998,2
83800,SUBMISSION,,RAINFOREST_RESIN,SEASHELLS,9996,11
84000,,,KELP,SEASHELLS,2035,1
84000,,,SQUID_INK,SEASHELLS,1798,1
84300,,,KELP,SEASHELLS,2035,1
84300,,,SQUID_INK,SEASHELLS,1797,1
84700,,,RAINFOREST_RESIN,SEASHELLS,10002,1
84700,,,RAINFOREST_RESIN,SEASHELLS,10002,2
85000,SUBMISSION,,SQUID_INK,SEASHELLS,1803,3
85100,SUBMISSION,,RAINFOREST_RESIN,SEASHELLS,9997,3
85200,,SUBMISSION,RAINFOREST_RESIN,SEASHELLS,10000,4
85200,,SUBMISSION,SQUID_INK,SEASHELLS,1806,4
85500,,,KELP,SEASHELLS,2037,1
85500,,,SQUID_INK,SEASHELLS,1808,1
85800,SUBMISSION,,KELP,SEASHELLS,2035,2
85800,,,KELP,SEASHELLS,2035,2
85800,,,SQUID_INK,SEASHELLS,1808,2
85800,,,SQUID_INK,SEASHELLS,1808,2
85900,SUBMISSION,,RAINFOREST_RESIN,SEASHELLS,9998,4
85900,,,RAINFOREST_RESIN,SEASHELLS,10002,1
85900,,,RAINFOREST_RESIN,SEASHELLS,9998,4
86000,,SUBMISSION,KELP,SEASHELLS,2036,4
86000,,,KELP,SEASHELLS,2036,1
86000,,,SQUID_INK,SEASHELLS,1815,1
86100,,,KELP,SEASHELLS,2035,1
86100,,,SQUID_INK,SEASHELLS,1812,1
86200,,,KELP,SEASHELLS,2035,1
86200,,,SQUID_INK,SEASHELLS,1815,1
86600,,,KELP,SEASHELLS,2035,1
86600,,,RAINFOREST_RESIN,SEASHELLS,10002,1
86600,,,SQUID_INK,SEASHELLS,1811,1
86700,,SUBMISSION,KELP,SEASHELLS,2036,3
86700,,SUBMISSION,SQUID_INK,SEASHELLS,1812,3
86700,,,KELP,SEASHELLS,2036,1
86700,,,SQUID_INK,SEASHELLS,1812,1
86900,SUBMISSION,,SQUID_INK,SEASHELLS,1811,1
86900,,,KELP,SEASHELLS,2037,1
86900,,,SQUID_INK,SEASHELLS,1812,1
87000,SUBMISSION,,KELP,SEASHELLS,2035,1
87000,SUBMISSION,,SQUID_INK,SEASHELLS,1810,1
87000,,,RAINFOREST_RESIN,SEASHELLS,9996,1
87300,,,RAINFOREST_RESIN,SEASHELLS,9996,2
87300,,,RAINFOREST_RESIN,SEASHELLS,9996,5
87400,,,KELP,SEASHELLS,2034,1
87400,,,SQUID_INK,SEASHELLS,1808,1
87600,,SUBMISSION,KELP,SEASHELLS,2036,1
87600,,SUBMISSION,SQUID_INK,SEASHELLS,1809,1
87600,,SUBMISSION,SQUID_INK,SEASHELLS,1808,4
87800,,,RAINFOREST_RESIN,SEASHELLS,9998,1
87900,,SUBMISSION,KELP,SEASHELLS,2036,1
87900,,SUBMISSION,SQUID_INK,SEASHELLS,1809,1
88000,,SUBMISSION,RAINFOREST_RESIN,SEASHELLS,10002,1
88000,,,RAINFOREST_RESIN,SEASHELLS,9996,2
88000,,,RAINFOREST_RESIN,SEASHELLS,9996,2
88200,SUBMISSION,,RAINFOREST_RESIN,SEASHELLS,9998,1
88200,,SUBMISSION,SQUID_INK,SEASHELLS,1807,1
88200,,,KELP,SEASHELLS,2037,1
88200,,,RAINFOREST_RESIN,SEASHELLS,9998,1
88200,,,RAINFOREST_RESIN,SEASHELLS,9998,1
88300,,SUBMISSION,KELP,SEASHELLS,2036,10
88300,,SUBMISSION,SQUID_INK,SEASHELLS,1807,10
88400,SUBMISSION,,SQUID_INK,SEASHELLS,1808,2
88400,,,KELP,SEASHELLS,2036,1
88400,,,SQUID_INK,SEASHELLS,1809,1
88500,,SUBMISSION,KELP,SEASHELLS,2037,1
88500,,SUBMISSION,RAINFOREST_RESIN,SEASHELLS,10004,1
88500,,SUBMISSION,SQUID_INK,SEASHELLS,1808,1
88600,SUBMISSION,,KELP,SEASHELLS,2035,4
88600,SUBMISSION,,SQUID_INK,SEASHELLS,1807,4
88700,SUBMISSION,,RAINFOREST_RESIN,SEASHELLS,9998,1
89100,,,KELP,SEASHELLS,2035,1
89100,,,SQUID_INK,SEASHELLS,1807,1
89600,SUBMISSION,,KELP,SEASHELLS,2035,10
89600,SUBMISSION,,SQUID_INK,SEASHELLS,1806,1
89600,SUBMISSION,,SQUID_INK,SEASHELLS,1806,10
89600,,,KELP,SEASHELLS,2034,1
89800,,SUBMISSION,KELP,SEASHELLS,2037,1
89800,,SUBMISSION,SQUID_INK,SEASHELLS,1806,1
89900,,SUBMISSION,KELP,SEASHELLS,2037,1
89900,,SUBMISSION,RAINFOREST_RESIN,SEASHELLS,10003,1
89900,,SUBMISSION,SQUID_INK,SEASHELLS,1808,1
90100,SUBMISSION,,RAINFOREST_RESIN,SEASHELLS,9998,1
90100,SUBMISSION,,SQUID_INK,SEASHELLS,1806,8
90200,,SUBMISSION,RAINFOREST_RESIN,SEASHELLS,10003,1
90200,,,KELP,SEASHELLS,2036,1
90200,,,SQUID_INK,SEASHELLS,1805,1
90300,,SUBMISSION,KELP,SEASHELLS,2037,2
90300,,SUBMISSION,RAINFOREST_RESIN,SEASHELLS,10002,1
90300,,SUBMISSION,RAINFOREST_RESIN,SEASHELLS,10004,2
90300,,SUBMISSION,SQUID_INK,SEASHELLS,1807,2
90400,SUBMISSION,,KELP,SEASHELLS,2035,8
90400,SUBMISSION,,SQUID_INK,SEASHELLS,1807,8
90500,,SUBMISSION,RAINFOREST_RESIN,SEASHELLS,10003,1
90500,,SUBMISSION,SQUID_INK,SEASHELLS,1808,8
90500,,SUBMISSION,SQUID_INK,SEASHELLS,1809,1
90500,,,KELP,SEASHELLS,2037,1
90700,,SUBMISSION,KELP,SEASHELLS,2037,1
90700,,SUBMISSION,RAINFOREST_RESIN,SEASHELLS,10004,1
90700,,SUBMISSION,SQUID_INK,SEASHELLS,1808,1
90800,SUBMISSION,,RAINFOREST_RESIN,SEASHELLS,9998,1
91000,,SUBMISSION,RAINFOREST_RESIN,SEASHELLS,10002,1
91000,SUBMISSION,,RAINFOREST_RESIN,SEASHELLS,9997,5
91300,,SUBMISSION,RAINFOREST_RESIN,SEASHELLS,10002,3
91600,,SUBMISSION,KELP,SEASHELLS,2036,3
91600,,,KELP,SEASHELLS,2036,1
91600,,,SQUID_INK,SEASHELLS,1801,1
91800,,SUBMISSION,RAINFOREST_RESIN,SEASHELLS,10000,6
91800,,,KELP,SEASHELLS,2034,1
91800,,,SQUID_INK,SEASHELLS,1806,1
91900,,SUBMISSION,KELP,SEASHELLS,2036,3
91900,,SUBMISSION,SQUID_INK,SEASHELLS,1809,3
91900,,,KELP,SEASHELLS,2036,2
91900,,,SQUID_INK,SEASHELLS,1809,2
92200,,SUBMISSION,RAINFOREST_RESIN,SEASHELLS,10002,3
92300,,SUBMISSION,KELP,SEASHELLS,2036,1
92300,,SUBMISSION,RAINFOREST_RESIN,SEASHELLS,10003,1
92300,,SUBMISSION,SQUID_INK,SEASHELLS,1809,1
92300,,,KELP,SEASHELLS,2034,1
92300,,,SQUID_INK,SEASHELLS,1807,1
92400,,SUBMISSION,KELP,SEASHELLS,2036,2
92400,,SUBMISSION,SQUID_INK,SEASHELLS,1810,2
92400,,,RAINFOREST_RESIN,SEASHELLS,10002,2
92600,,,KELP,SEASHELLS,2034,1
92600,,,SQUID_INK,SEASHELLS,1810,1
93100,,,RAINFOREST_RESIN,SEASHELLS,10002,1
93300,SUBMISSION,,SQUID_INK,SEASHELLS,1811,6
93300,SUBMISSION,,SQUID_INK,SEASHELLS,1811,1
93500,,SUBMISSION,KELP,SEASHELLS,2036,5
93500,,SUBMISSION,SQUID_INK,SEASHELLS,1817,5
93600,,SUBMISSION,KELP,SEASHELLS,2037,1
93600,SUBMISSION,,RAINFOREST_RESIN,SEASHELLS,9998,1
93600,,SUBMISSION,SQUID_INK,SEASHELLS,1817,1
93600,,,RAINFOREST_RESIN,SEASHELLS,10002,1
93800,SUBMISSION,,RAINFOREST_RESIN,SEASHELLS,9998,5
93800,SUBMISSION,,SQUID_INK,SEASHELLS,1816,6
94500,,SUBMISSION,KELP,SEASHELLS,2037,15
94500,,SUBMISSION,SQUID_INK,SEASHELLS,1814,15
94700,,SUBMISSION,SQUID_INK,SEASHELLS,1819,1
94700,,,KELP,SEASHELLS,2036,1
94800,SUBMISSION,,KELP,SEASHELLS,2035,2
94800,SUBMISSION,,RAINFOREST_RESIN,SEASHELLS,9997,2
94800,SUBMISSION,,SQUID_INK,SEASHELLS,1816,2
94900,,SUBMISSION,RAINFOREST_RESIN,SEASHELLS,10002,4
95100,,SUBMISSION,KELP,SEASHELLS,2036,1
95100,,SUBMISSION,SQUID_INK,SEASHELLS,1816,1
95300,SUBMISSION,,KELP,SEASHELLS,2036,4
95300,,,KELP,SEASHELLS,2036,1
95300,,,SQUID_INK,SEASHELLS,1817,1
95400,SUBMISSION,,KELP,SEASHELLS,2036,1
95500,SUBMISSION,,KELP,SEASHELLS,2036,3
95600,SUBMISSION,,RAINFOREST_RESIN,SEASHELLS,9998,1
95700,,SUBMISSION,RAINFOREST_RESIN,SEASHELLS,10002,1
95700,,,RAINFOREST_RESIN,SEASHELLS,10002,7
95800,SUBMISSION,,RAINFOREST_RESIN,SEASHELLS,9998,1
95800,,,KELP,SEASHELLS,2034,1
95800,,,SQUID_INK,SEASHELLS,1813,1
95900,,SUBMISSION,KELP,SEASHELLS,2036,1
95900,,SUBMISSION,SQUID_INK,SEASHELLS,1814,1
96000,,SUBMISSION,KELP,SEASHELLS,2036,1
96000,,SUBMISSION,SQUID_INK,SEASHELLS,1815,1
96100,,SUBMISSION,KELP,SEASHELLS,2036,2
96100,,SUBMISSION,SQUID_INK,SEASHELLS,1816,2
96100,,,KELP,SEASHELLS,2034,1
96100,,,RAINFOREST_RESIN,SEASHELLS,10002,2
96100,,,SQUID_INK,SEASHELLS,1814,1
96400,SUBMISSION,,KELP,SEASHELLS,2035,10
96400,SUBMISSION,,SQUID_INK,SEASHELLS,1816,3
96400,,,SQUID_INK,SEASHELLS,1816,7
96600,,SUBMISSION,KELP,SEASHELLS,2036,2
96600,,SUBMISSION,RAINFOREST_RESIN,SEASHELLS,10000,5
96600,,SUBMISSION,SQUID_INK,SEASHELLS,1815,3
96600,,,KELP,SEASHELLS,2034,1
96600,,,KELP,SEASHELLS,2036,1
96600,,,SQUID_INK,SEASHELLS,1814,1
96600,,,SQUID_INK,SEASHELLS,1815,1
96900,SUBMISSION,,RAINFOREST_RESIN,SEASHELLS,9998,1
97200,SUBMISSION,,KELP,SEASHELLS,2035,5
97200,,,SQUID_INK,SEASHELLS,1813,5
97300,,SUBMISSION,KELP,SEASHELLS,2037,1
97300,,SUBMISSION,SQUID_INK,SEASHELLS,1814,1
97400,,SUBMISSION,KELP,SEASHELLS,2037,1
97600,,SUBMISSION,RAINFOREST_RESIN,SEASHELLS,10000,6
97600,,,SQUID_INK,SEASHELLS,1816,2
97800,SUBMISSION,,SQUID_INK,SEASHELLS,1816,1
97900,,SUBMISSION,RAINFOREST_RESIN,SEASHELLS,10002,3
98000,,SUBMISSION,RAINFOREST_RESIN,SEASHELLS,10003,5
98100,,,KELP,SEASHELLS,2034,1
98100,,,RAINFOREST_RESIN,SEASHELLS,9998,1
98100,,,SQUID_INK,SEASHELLS,1814,1
98200,SUBMISSION,,KELP,SEASHELLS,2035,6
98200,SUBMISSION,,SQUID_INK,SEASHELLS,1815,6
98300,SUBMISSION,,KELP,SEASHELLS,2035,3
98300,SUBMISSION,,RAINFOREST_RESIN,SEASHELLS,9998,1
98300,SUBMISSION,,SQUID_INK,SEASHELLS,1816,3
98500,SUBMISSION,,RAINFOREST_RESIN,SEASHELLS,9998,1
98600,,SUBMISSION,RAINFOREST_RESIN,SEASHELLS,10004,9
98900,,SUBMISSION,RAINFOREST_RESIN,SEASHELLS,10003,9
98900,,SUBMISSION,RAINFOREST_RESIN,SEASHELLS,10003,2
99200,SUBMISSION,,KELP,SEASHELLS,2035,2
99200,SUBMISSION,,RAINFOREST_RESIN,SEASHELLS,9996,2
99200,SUBMISSION,,SQUID_INK,SEASHELLS,1812,2
99300,,SUBMISSION,KELP,SEASHELLS,2037,1
99300,SUBMISSION,,RAINFOREST_RESIN,SEASHELLS,9998,1
99300,,SUBMISSION,SQUID_INK,SEASHELLS,1814,1
99500,SUBMISSION,,RAINFOREST_RESIN,SEASHELLS,9998,3
99600,,SUBMISSION,KELP,SEASHELLS,2037,12
99600,,SUBMISSION,SQUID_INK,SEASHELLS,1817,12
99700,SUBMISSION,,KELP,SEASHELLS,2035,2
99700,SUBMISSION,,RAINFOREST_RESIN,SEASHELLS,9996,2
99700,SUBMISSION,,SQUID_INK,SEASHELLS,1814,2
99900,,,KELP,SEASHELLS,2035,1
99900,,,SQUID_INK,SEASHELLS,1816,1
